reward,hash,signature
1448.67047363014,ac6e9a,Gr9_Cr250_Sw4.0_Sv-20_Sf-15.0_Dr4_Oo-20.0_Ms80_Pb6_D0.9_M20000_m4000_B32_U20_T4
578.0083850812067,8d49a2,Gr9_Cr200_Sw4.0_Sv-20_Sf-10.0_Dr16_Oo-10.0_Ms20_Pb6_D0.85_M20000_m4000_B32_U20_T4
561.1867905189151,e52e1d,Gr7_Cr300_Sw2.0_Sv-15.0_Sf-20.0_Dr4_Oo-15.0_Ms40_Pb6_D0.9_M20000_m4000_B32_U20_T4
494.38778260838757,20ee5e,Gr9_Cr250_Sw1.0_Sv-20_Sf-15.0_Dr4_Oo-10.0_Ms80_Pb6_D0.9_M20000_m4000_B32_U20_T4
393.2816222903352,ced3c7,Gr9_Cr250_Sw4.0_Sv-10.0_Sf-20.0_Dr4_Oo-15.0_Ms20_Pb6_D0.85_M20000_m4000_B32_U20_T4
385.73496607282397,b49532,Gr7_Cr300_Sw2.0_Sv-10.0_Sf-15.0_Dr4_Oo-10.0_Ms20_Pb6_D0.85_M20000_m4000_B32_U20_T4
293.31593347096805,2cfbc2,Gr9_Cr200_Sw4.0_Sv-15.0_Sf-15.0_Dr8_Oo-10.0_Ms20_Pb6_D0.85_M20000_m4000_B32_U20_T4
145.24075911395934,f010a2,Gr7_Cr300_Sw4.0_Sv-10.0_Sf-10.0_Dr16_Oo-10.0_Ms20_Pb6_D0.8_M20000_m4000_B32_U20_T4
