reward,hash,signature
18359.651918497453,e67066,Gr7_Cr200_Sw4.0_Sv-20_Sf-10.0_Dr16_Oo-20.0_Ms40_Pb6_D0.85_M20000_m4000_B32_U20_T4
10521.11439308485,09e2c5,Gr9_Cr200_Sw2.0_Sv-10.0_Sf-10.0_Dr8_Oo-10.0_Ms40_Pb6_D0.8_M20000_m4000_B32_U20_T4
4378.170329947286,bd6a3f,Gr7_Cr200_Sw2.0_Sv-20_Sf-10.0_Dr8_Oo-20.0_Ms40_Pb6_D0.85_M20000_m4000_B32_U20_T4
4159.776522200127,1627ab,Gr9_Cr250_Sw2.0_Sv-15.0_Sf-15.0_Dr8_Oo-20.0_Ms80_Pb6_D0.85_M20000_m4000_B32_U20_T4
3236.883036514435,3bf2b5,Gr9_Cr300_Sw2.0_Sv-20_Sf-20.0_Dr4_Oo-10.0_Ms80_Pb6_D0.85_M20000_m4000_B32_U20_T4
2779.1358373062594,9523a1,Gr7_Cr250_Sw4.0_Sv-20_Sf-15.0_Dr4_Oo-20.0_Ms80_Pb6_D0.8_M20000_m4000_B32_U20_T4
1416.6144831733732,d0da6d,Gr7_Cr250_Sw4.0_Sv-20_Sf-20.0_Dr4_Oo-15.0_Ms20_Pb6_D0.8_M20000_m4000_B32_U20_T4
1250.7482025167324,0a5513,Gr7_Cr250_Sw2.0_Sv-20_Sf-10.0_Dr4_Oo-20.0_Ms40_Pb6_D0.9_M20000_m4000_B32_U20_T4
