reward,hash,signature
45747.277237,8de7d1,Gr7_Cr200_Sw2.0_Sv-20_Sf-20.0_Dr8_Oo-15.0_Ms80_Pb6_D0.8_M20000_m4000_B32_U20_T4
900.6829032897004,c20d33,Gr5_Cr100_Sw0.5_Sv-10.0_Sf-15.0_Dr2_Oo-20.0_Ms20_Pb6_D0.95_M20000_m4000_B32_U20_T4
419.953915,8d625f,Gr5_Cr200_Sw0.5_Sv-20_Sf-10.0_Dr2_Oo-20.0_Ms80_Pb6_D0.8_M20000_m4000_B32_U20_T4
213.950103,eae655,Gr5_Cr200_Sw8.0_Sv-20_Sf-15.0_Dr4_Oo-20.0_Ms40_Pb6_D0.9_M20000_m4000_B32_U20_T4
101.450343,e9b9c3,Gr5_Cr200_Sw1.0_Sv-10.0_Sf-15.0_Dr4_Oo-10.0_Ms40_Pb6_D0.8_M20000_m4000_B32_U20_T4
95.463666,aa3e48,Gr5_Cr200_Sw0.5_Sv-20_Sf-15.0_Dr2_Oo-20.0_Ms10_Pb6_D0.8_M20000_m4000_B32_U20_T4
47.395631,8af1eb,Gr5_Cr200_Sw0.5_Sv-10.0_Sf-15.0_Dr2_Oo-15.0_Ms40_Pb6_D0.85_M20000_m4000_B32_U20_T4
38.858924,fd1e76,Gr5_Cr200_Sw1.0_Sv-10.0_Sf-20.0_Dr2_Oo-15.0_Ms20_Pb6_D0.95_M20000_m4000_B32_U20_T4
36.556235,88c22d,Gr5_Cr200_Sw0.5_Sv-20_Sf-20.0_Dr2_Oo-15.0_Ms20_Pb6_D0.95_M20000_m4000_B32_U20_T4
