id;section_name;agents_no;start_left;start_right;start_bottom;start_top;goal_x;goal_y
1;biedronka;1;65.0;69.54545454545455;3.3181818181818183;6.7272727272727275;8.636363636363637;12.045454545454545
1;lidl;1;7.090909090909091;10.5;12.181818181818182;16.727272727272727;27.136363636363637;40.09090909090909
1;groszek;1;27.5;30.136363636363637;37.72727272727273;40.09090909090909;59.40909090909091;30.136363636363637
1;lewiatan;1;57.59090909090909;61.0;30.454545454545453;35.0;77.0;36.54545454545455
1;dino;1;75.31818181818181;78.72727272727273;31.818181818181817;36.36363636363637;69.77272727272727;5.045454545454546
